,Customer ID,Probability,Prediction
5104,7173-TETGO,0.05273778817928729,0
3827,5380-AFSSK,0.7163361000225091,1
2770,3945-GFWQL,0.4386653519150716,0
6552,9306-CPCBC,0.7828393119081397,1
557,0822-GAVAP,0.7193374904488921,1
4013,5652-MSDEY,0.6318257068319099,1
6805,9659-ZTWSM,0.11132441031232332,0
5954,8395-ETZKQ,0.004629714927200062,0
6590,9367-OIUXP,0.17827718671686127,0
3880,5453-AXEPF,0.5238319003781392,1
4192,5919-VCZYM,0.1952774668347047,0
5125,7209-JCUDS,0.6762590025451366,1
2269,3244-DCJWY,0.740013690585392,1
5772,8118-TJAFG,0.5221537690094928,1
1491,2197-OMWGI,0.05035265227110327,0
6686,9500-WBGRP,0.0043530058605513134,0
205,0320-JDNQG,0.3916393650383885,0
1089,1585-MQSSU,0.14008428129381273,0
4769,6712-OAWRH,0.6724878284907556,1
5503,7748-UMTRK,0.582900553299919,1
6523,9254-RBFON,0.14190478874361248,0
40,0067-DKWBL,0.5439153185965568,1
5448,7665-VIGUD,0.06555108067510004,0
7031,9974-JFBHQ,0.1557686887876784,0
513,0746-JTRFU,0.6870443304495525,1
896,1304-NECVQ,0.8026376543170407,1
6382,9046-JBFWA,0.04948228534046283,0
5255,7402-PWYJJ,0.1790980178973982,0
6574,9350-VLHMB,0.1809180826379485,0
4306,6072-NUQCB,0.02591499109598491,0
2761,3932-CMDTD,0.3692387144152006,0
6029,8540-ZQGEA,0.006411461779519236,0
2122,3050-GBUSH,0.6229341592251105,1
1866,2709-UQGNP,0.2884743934340313,0
5044,7094-MSZAO,0.1656269112027836,0
3729,5244-IRFIH,0.6846351396063028,1
1129,1658-BYGOY,0.7747803291839155,1
6198,8769-KKTPH,0.13808436055653706,0
6752,9585-KKMFD,0.011802346604467037,0
2571,3675-YDUPJ,0.18423778316552744,0
5197,7314-OXENN,0.7559812170812696,1
5392,7602-MVRMB,0.05977841481565052,0
3678,5186-PEIZU,0.04991875612811224,0
6775,9620-ENEJV,0.525947103353675,1
1607,2342-CKIAO,0.20610557382801975,0
1918,2792-VPPET,0.34015153380556795,0
4503,6349-JDHQP,0.007254189113031474,0
5573,7852-LECYP,0.5181618573083316,1
6269,8873-GLDMH,0.6726796081550774,1
7027,9971-ZWPBF,0.49005963466898206,0
285,0420-TXVSG,0.020864160917154904,0
1411,2080-SRCDE,0.24155468487086657,0
5640,7951-VRDVK,0.03306381965734798,0
4790,6734-CKRSM,0.1978749137597594,0
311,0461-CVKMU,0.26547654871588217,0
6996,9928-BZVLZ,0.09351838562405004,0
529,0778-NELLA,0.5339067618582817,1
1838,2674-MIAHT,0.6515249384119521,1
1798,2626-URJFX,0.5732191684620632,1
466,0680-DFNNY,0.7168018197785342,1
4070,5743-KHMNA,0.0031493465560381104,0
2520,3604-WLABM,0.24482976979509322,0
3152,4523-WXCEF,0.3781546258636977,0
3740,5269-NRGDP,0.044446927708863194,0
6363,9013-AQORL,0.10000314625751706,0
4355,6139-ZZRBQ,0.007580177508251197,0
1172,1725-MIMXW,0.23848953033476958,0
3399,4825-XJGDM,0.009879478848371533,0
3243,4640-UHDOS,0.35870269343212957,0
1186,1746-TGTWV,0.5106096639858279,1
2675,3798-EPWRR,0.5470646336125482,1
3294,4701-MLJPN,0.15981584985994435,0
6496,9210-IAHGH,0.35342424186084404,0
2586,3696-XRIEN,0.045625241420780456,0
1235,1833-TCXKK,0.40868710354271415,0
3417,4840-ORQXB,0.44536090888240454,0
5058,7110-BDTWG,0.02422013211350716,0
6789,9637-CDTKZ,0.07191865990407503,0
2174,3108-PCCGG,0.029987545009786398,0
4329,6108-OQZDQ,0.7622107416408769,1
3638,5149-CUZUJ,0.07648932200066992,0
579,0851-DFJKB,0.16814167071198788,0
1215,1792-UXAFY,0.6510579747440958,1
2148,3082-WQRVY,0.06853709790290238,0
766,1114-CENIM,0.0864681252891579,0
3226,4625-XMOYM,0.00367860724528892,0
1617,2359-KLTEK,0.32432572534555776,0
3239,4636-JGAAI,0.3482144131690989,0
4869,6860-YRJZP,0.775735394666594,1
6663,9480-BQJEI,0.10263948889287645,0
6446,9127-QRZMH,0.021732659086505575,0
1206,1775-KWJKQ,0.012341537079754768,0
1660,2410-CIYFZ,0.17194546904118335,0
348,0516-OOHAR,0.15137160544662157,0
2660,3779-OSWCF,0.0177764836796211,0
874,1265-ZFOSD,0.020089766957013155,0
1439,2122-YWVYA,0.5422253632854779,1
1393,2058-DCJBE,0.6953566015261157,1
3319,4726-DLWQN,0.14913034476128995,0
4082,5766-FTRTS,0.009115681383243023,0
5534,7794-JASDG,0.3728055426913111,0
1213,1790-NESIO,0.07322314788087843,0
3628,5140-FOMCQ,0.15638870174336073,0
2303,3296-SILRA,0.6500906383491903,1
5082,7138-GIRSH,0.026610520607131306,0
6544,9290-SHCMB,0.7250001276730722,1
198,0311-UNPFF,0.49125479185722437,0
4646,6556-DBKZF,0.04822846809256432,0
3919,5515-RUGKN,0.4198648684421196,0
5340,7544-ZVIKX,0.10322649696725025,0
3039,4351-QLCSU,0.5117956829436296,1
3377,4811-JBUVU,0.3891541529110863,0
3711,5222-IMUKT,0.4708832906797454,0
4168,5893-PYOLZ,0.030210756369621086,0
2649,3764-MNMOI,0.009247816236221739,0
3824,5376-PCKNB,0.12288802169246212,0
2549,3645-DEYGF,0.17932165268089034,0
3624,5136-GFPMB,0.2490632215053347,0
3270,4673-KKSLS,0.22525090793521788,0
1588,2316-ESMLS,0.08825232037241304,0
383,0567-GGCAC,0.30960449479832164,0
1465,2164-SOQXL,0.07745492257260568,0
4796,6738-ISCBM,0.10733413967934714,0
4204,5937-EORGB,0.6890268471842955,1
3679,5186-SAMNZ,0.6678319558854757,1
5156,7250-EQKIY,0.3032621252498107,0
478,0697-ZMSWS,0.7813436228444751,1
3552,5032-USPKF,0.06806445009175789,0
6991,9921-QFQUL,0.43694130139266946,0
312,0463-TXOAK,0.009147031496109756,0
5089,7148-XZPHA,0.12482586841515407,0
6473,9168-INPSZ,0.41208503982140643,0
4792,6734-GMPVK,0.6799078405360695,1
4143,5857-TYBCJ,0.5350140251736804,1
174,0280-XJGEX,0.37305947580928867,0
4145,5858-EAFCZ,0.36063336404751734,0
6343,8982-NHAVY,0.321259251912736,0
2937,4190-MFLUW,0.15790841116071166,0
2240,3199-NPKCN,0.13184849356287984,0
4888,6891-JPYFF,0.3601441660127142,0
272,0402-OAMEN,0.0033867649694827966,0
5697,8028-PNXHQ,0.007881290239664013,0
6461,9142-KZXOP,0.21039154446194583,0
3481,4929-XIHVW,0.6854409112236136,1
5147,7243-LCGGZ,0.21450365648327258,0
5077,7134-MJPDY,0.12899496894753876,0
3771,5309-TAIKL,0.2035756706375877,0
3683,5195-KPUNQ,0.07912464435774814,0
6139,8699-ASUFO,0.6854183037469469,1
1057,1545-ACTAS,0.11325309725631319,0
3292,4701-AHWMW,0.07813969290727638,0
6925,9824-QCJPK,0.01893415021196438,0
3945,5553-AOINX,0.24004590382857588,0
2654,3769-MHZNV,0.015877857657818423,0
2783,3957-SQXML,0.02132320130640551,0
5844,8219-VYBVI,0.015137699044642383,0
3480,4929-ROART,0.22783418566306635,0
3579,5071-FBJFS,0.3552242984476754,0
4749,6689-TCZHQ,0.7050015176535113,1
2890,4116-TZAQJ,0.5135701379415251,1
955,1386-ZIKUV,0.20983580179827788,0
3763,5299-RULOA,0.6875096365592117,1
730,1077-HUUJM,0.6603265584889498,1
490,0722-SVSFK,0.5905062503973189,1
3099,4445-KWOKW,0.06476030703401012,0
6614,9398-MMQTO,0.5061176076324497,1
4019,5666-MBJPT,0.0057113015058628544,0
1499,2207-OBZNX,0.314733969977906,0
5264,7416-CKTEP,0.006993479072785246,0
5533,7789-HKSBS,0.24223924999427307,0
4049,5702-KVQRD,0.022263143598821488,0
5938,8374-XGEJJ,0.6176099808892946,1
6490,9199-PWQVC,0.0566082018861859,0
5496,7739-LAXOG,0.42781075565879745,0
4755,6693-FRIRW,0.4197361326862011,0
6017,8499-BRXTD,0.03775791000259362,0
5749,8087-LGYHQ,0.6856692967276522,1
93,0151-ONTOV,0.5449591057218282,1
7,0014-BMAQU,0.049467704305758094,0
4709,6633-SYEUS,0.20353347403439132,0
5161,7254-IQWOZ,0.7269534495062757,1
5325,7521-AFHAB,0.297081180236138,0
5431,7641-TQFHN,0.11180823581292501,0
5576,7853-WNZSY,0.2873265967919685,0
3953,5567-GZKQY,0.005814446030066272,0
3791,5331-RGMTT,0.4397232670693697,0
5462,7688-AWMDX,0.005309284102609552,0
430,0626-QXNGV,0.005020109439329395,0
6977,9903-LYSAB,0.6608522285684935,1
535,0786-VSSUD,0.4491174855472779,0
4047,5701-YVSVF,0.614594252491189,1
4658,6575-SUVOI,0.2371380628882705,0
6569,9339-FIIJL,0.016116491163183932,0
6967,9885-MFVSU,0.049334697276766114,0
4942,6961-MJKBO,0.00893823036692266,0
4335,6119-SPUDB,0.016222071785822332,0
1251,1850-AKQEP,0.1251405035424078,0
862,1251-STYSZ,0.7646937752499648,1
5530,7786-WBJYI,0.5675836464927766,1
3590,5089-IFSDP,0.14411787716982566,0
29,0042-RLHYP,0.0021185022175080194,0
6710,9530-EHPOH,0.4217544937045699,0
4297,6050-IJRHS,0.19831816474656938,0
5763,8106-GWQOK,0.052642175555353346,0
3234,4632-PAOYU,0.02867577560309249,0
6074,8610-WFCJF,0.5009877355901783,1
3525,4999-IEZLT,0.009513360542239524,0
5153,7247-XOZPB,0.020301366482510273,0
6013,8495-PRWFH,0.1994607812996947,0
1312,1951-IEYXM,0.018868163814869554,0
733,1084-MNSMJ,0.01655818428963333,0
1447,2137-DQMEV,0.012755568158597009,0
475,0691-JVSYA,0.14480029602891628,0
6039,8559-WNQZS,0.08898981375191371,0
2090,2999-AANRQ,0.04916909792467808,0
2490,3566-HJGPK,0.4448657292345733,0
1493,2202-CUYXZ,0.7167786341282659,1
1567,2277-BKJKN,0.15385157223087706,0
6729,9555-SAHUZ,0.1067686655497258,0
6238,8819-WFGGJ,0.0222136350837455,0
1321,1964-SVLEA,0.050386384950087404,0
3378,4813-HQMGZ,0.6580495000304056,1
1035,1496-GGSUK,0.6507992535126751,1
2565,3669-LVWZB,0.5433651948338177,1
3069,4393-GEADV,0.048684080471186435,0
3287,4695-VADHF,0.281086440181843,0
5691,8017-UVSZU,0.12787152166472962,0
4478,6319-QSUSR,0.13229539278517435,0
831,1215-EXRMO,0.006395566984502524,0
4486,6331-LWDTQ,0.5017957782324562,1
6870,9762-YAQAA,0.15549981753009953,0
1071,1563-IWQEX,0.13894161539262326,0
4273,6017-PPLPX,0.518653880595312,1
6655,9470-RTWDV,0.10400710251546046,0
1362,2026-TGDHM,0.7161906071922045,1
4307,6075-QMNRR,0.06889011953628553,0
4804,6754-LZUKA,0.035616796545518324,0
3260,4660-IRIBM,0.3707765518203248,0
4128,5839-SUYVZ,0.37259643667643105,0
4449,6267-DCFFZ,0.6715852637801238,1
4766,6710-HSJRD,0.3207314008142825,0
5312,7503-ZGUZJ,0.705989410753951,1
4184,5914-XRFQB,0.06469814068118049,0
3040,4353-HYOJD,0.12732754327980586,0
1157,1699-UOTXU,0.02050701683083875,0
6981,9909-DFRJA,0.12441104162116298,0
3862,5440-FLBQG,0.09920128854940645,0
6309,8929-KSWIH,0.1195760550686855,0
1998,2884-GBPFB,0.45985232537450543,0
863,1254-IZEYF,0.6960198689285134,1
2274,3251-YMVWZ,0.009365200130385073,0
3105,4451-RWASJ,0.0670592116244291,0
1526,2235-DWLJU,0.7491603541595224,1
2391,3420-ZDBMA,0.6351953840851398,1
2607,3717-OFRTN,0.20351478118577215,0
6314,8938-UMKPI,0.5348131647498409,1
5338,7541-YLXCL,0.04392493609111632,0
346,0513-RBGPE,0.03555906561029164,0
5985,8441-SHIPE,0.005879390525665296,0
3465,4910-GMJOT,0.8233354934202861,1
5455,7673-LPRNY,0.23475673358065102,0
1950,2828-SLQPF,0.264707006942425,0
5771,8118-LSUEL,0.7120820802075629,1
393,0581-BXBUB,0.670474348301002,1
1686,2458-EOMRE,0.22490228466592918,0
4899,6899-PPEEA,0.6852378585613919,1
511,0744-BIKKF,0.012767541567139511,0
2927,4182-BGSIQ,0.16863995424202327,0
6412,9079-YEXQJ,0.30152615992973747,0
6321,8947-YRTDV,0.09095425364265183,0
30,0048-LUMLS,0.15691239974165272,0
5049,7102-JJVTX,0.10031730993948577,0
4380,6174-NRBTZ,0.0406496429733087,0
6738,9570-KYEUA,0.04388495622965148,0
2049,2955-PSXOE,0.28051832093911616,0
5935,8364-TRMMK,0.5169713250439549,1
3172,4548-SDBKE,0.7829612636050041,1
1953,2831-EBWRN,0.5393447887018578,1
4613,6505-OZNPG,0.15350753725285127,0
6612,9396-ZSFLL,0.3281064666468192,0
616,0902-RFHOF,0.016553346459199057,0
5581,7856-GANIL,0.13970808102330734,0
6103,8644-XLFBW,0.7685818929687669,1
5094,7157-SMCFK,0.004255431767467186,0
3699,5206-HPJKM,0.23100318789278532,0
1966,2845-HSJCY,0.6771873280451532,1
4588,6474-FVJLC,0.7914093845039443,1
3999,5642-MHDQT,0.009104305310199064,0
6505,9227-UAQFT,0.0468921770902294,0
4906,6906-MPARY,0.11665227229493424,0
4935,6952-OMNWB,0.20704765653563312,0
521,0757-WCUUZ,0.03205930717991355,0
2323,3320-VEOYC,0.797848381803158,1
253,0378-XSZPU,0.014442622693875324,0
6810,9667-TKTVZ,0.3909710386593103,0
2357,3374-PZLXD,0.042476052506204884,0
1355,2017-CCBLH,0.07087872893456076,0
2838,4039-PIMHX,0.030171766741467005,0
1078,1569-TTNYJ,0.7347962249317792,1
3906,5495-GPSRW,0.046104445375345686,0
4739,6680-WKXRZ,0.6031304496840932,1
6598,9375-MHRRS,0.2047795301530881,0
4016,5656-MJEFC,0.02287878074105495,0
408,0607-DAAHE,0.005262147185665337,0
304,0447-BEMNG,0.11572511565377716,0
6615,9399-APLBT,0.6793684141162134,1
4450,6270-OMFIW,0.18848442569369264,0
1714,2498-XLDZR,0.023609576496794894,0
5382,7596-IIWYC,0.036146934384479336,0
14,0019-GFNTW,0.010405257255683422,0
597,0872-NXJYS,0.7052274223726049,1
3475,4923-ADWXJ,0.15369430971582845,0
1285,1910-FMXJM,0.39210657802830634,0
6217,8785-EPNCG,0.18624381125233752,0
2295,3280-MRDOF,0.09889946035073703,0
5337,7538-GWHML,0.6589447537085151,1
2085,2990-IAJSV,0.014309929777524306,0
3217,4614-NUVZD,0.755603592357565,1
1876,2722-JMONI,0.5666206255167033,1
2233,3192-NQECA,0.08301061805072775,0
3696,5203-XEHAX,0.0847008886344646,0
6733,9564-KCLHR,0.24192356227042763,0
5188,7298-IZWLY,0.28144915251475117,0
2149,3082-YVEKW,0.0658854253842448,0
1298,1930-BZLHI,0.0503712696540346,0
4050,5702-SKUOB,0.17809937989619903,0
5773,8120-JDCAM,0.5469187310038166,1
5432,7643-RCHXS,0.0048223247136082725,0
4032,5686-CMAWK,0.24841695969694375,0
5596,7878-JGDKK,0.3201749711523321,0
1577,2296-DKZFP,0.015174047664396997,0
4217,5951-AOFIH,0.17688587984555862,0
4914,6917-IAYHD,0.2971618128725686,0
5620,7921-BEPCI,0.012709605582938878,0
4863,6855-VLGOS,0.0035199692091560817,0
679,0999-QXNSA,0.38543696647540204,0
3107,4452-ROHMO,0.04287021216641934,0
1538,2249-YPRNG,0.524980112133942,1
4108,5808-TOTXO,0.1223671418550239,0
2792,3973-SKMLN,0.00437633075331614,0
1159,1703-MGIAB,0.26872972670158995,0
4868,6859-RKMZJ,0.3643099568193907,0
5565,7839-QRKXN,0.2808567874533335,0
1583,2307-FYNNL,0.14862539684999634,0
6740,9572-MTILT,0.23517888438366497,0
2480,3549-ZTMNH,0.0868831064751602,0
6700,9514-JDSKI,0.6601605255768964,1
6947,9851-KIELU,0.4666824197633245,0
289,0426-TIRNE,0.21450365648327258,0
4799,6743-HHQPF,0.14110457747105373,0
5128,7217-JYHOQ,0.11718227383489424,0
1098,1597-LHYNC,0.6366013337520662,1
4048,5701-ZIKJE,0.2220185771409386,0
4898,6898-RBTLU,0.03165203328170786,0
270,0401-WDBXM,0.08995572252764995,0
5943,8380-PEFPE,0.6936841269725852,1
2736,3892-NXAZG,0.05933724511232432,0
3456,4900-MSOMT,0.009345233644991511,0
2992,4285-GYRQC,0.6857234635772268,1
1967,2845-KDHVX,0.014888254830977958,0
5907,8314-HTWVE,0.060199823827692775,0
2693,3823-KYNQY,0.08817139142061343,0
6181,8748-HFWBO,0.03527381591437656,0
1245,1843-TLSGD,0.0444601157550464,0
5120,7205-BAIAD,0.018616264503707153,0
5919,8331-ZXFOE,0.020776291585094683,0
497,0727-BNRLG,0.06634518020191421,0
5071,7130-CTCUS,0.2669758091324383,0
6559,9317-WZPGV,0.6940786155839497,1
4966,6988-CJEYV,0.4223481772409195,0
4251,5993-JSUWV,0.014174659930158045,0
3358,4789-KWMXN,0.12828908538731848,0
1971,2853-CWQFQ,0.29955487852115825,0
1533,2239-JALAW,0.16909821162342298,0
4811,6769-DYBQN,0.30855885799777805,0
336,0495-ZBNGW,0.6775767850681597,1
2587,3701-SFMUH,0.2742522395493556,0
6331,8966-OIQHG,0.030705248635786275,0
6020,8510-TMWYB,0.03390308395276381,0
4062,5727-MYATE,0.019702673841732476,0
5903,8313-AFGBW,0.05837689451816054,0
2072,2982-VPSGI,0.7777304220099471,1
411,0611-DFXKO,0.5203595244654806,1
1613,2348-KCJLT,0.035965365607231854,0
3238,4635-EJYPD,0.015513735045889357,0
5830,8204-YJCLA,0.01385503146274924,0
3005,4301-VVZKA,0.6766750074783136,1
4293,6048-NJXHX,0.0202936097717673,0
2666,3787-TRIAL,0.3968579357559323,0
2513,3590-TCXTB,0.20343020700424308,0
4088,5777-ZPQNC,0.09195459289492738,0
2941,4193-ORFCL,0.4310541532949519,0
5465,7691-XVTZH,0.10922935172015123,0
5727,8063-RJYNF,0.6074263973671854,1
4402,6204-IEUXJ,0.377000566817312,0
3147,4518-FZBSX,0.010170022061295319,0
5577,7854-EDSSA,0.27495435328053797,0
6995,9927-DSWDF,0.41613507793877313,0
2854,4075-JFPGR,0.16053077020674386,0
2198,3148-AOIQT,0.006606772422342335,0
4945,6963-KQYQB,0.0028949376238678382,0
3222,4622-YNKIJ,0.15089688411844893,0
5137,7233-PAHHL,0.018229333335862807,0
6672,9489-JMTTN,0.01336229863407894,0
82,0133-BMFZO,0.5081607361808886,1
5447,7665-TOALD,0.7404715958518181,1
4262,5999-LCXAO,0.43630265773559473,0
5244,7394-LWLYN,0.731968683781844,1
5142,7240-ETPTR,0.6404621321323789,1
5706,8040-MNRTF,0.5447773956342247,1
3632,5144-PQCDZ,0.24699580734348894,0
3032,4335-UPJSI,0.024524343948204793,0
2347,3363-DTIVD,0.10473197086017273,0
2288,3269-ATYWD,0.5357339831154055,1
3433,4869-EPIUS,0.16624763724206199,0
860,1248-DYXUB,0.008848423970424133,0
6349,8990-ZXLSU,0.6016916068895265,1
305,0447-RXSGD,0.5592515389208312,1
5271,7432-FFVAR,0.054811801232877204,0
1390,2056-EVGZL,0.042230742975192866,0
1027,1482-OXZSY,0.4844080013509538,0
4671,6586-PSJOX,0.0555553454155927,0
4936,6953-PBDIN,0.011208789420735665,0
6972,9894-QMIMJ,0.06954264816370032,0
6467,9152-AMKAK,0.10281420762039242,0
5416,7629-WFGLW,0.08813121315821987,0
6542,9286-DOJGF,0.44447061992556025,0
4893,6894-LFHLY,0.8190750793936176,1
7038,9987-LUTYD,0.06181288483768697,0
6032,8544-GOQSH,0.38302706167804285,0
526,0772-GYEQQ,0.4505898161444829,0
676,0991-BRRFB,0.24944685671947933,0
6221,8799-OXZMD,0.259274160843919,0
3386,4817-QRJSX,0.6293072710435029,1
6265,8868-WOZGU,0.6335594030780677,1
5735,8069-YQQAJ,0.40508293009825946,0
6113,8654-DHAOW,0.4107513048946732,0
5585,7861-UVUFT,0.6206088644136138,1
3093,4432-ADRLB,0.3491040100995464,0
3849,5405-ZMYXQ,0.6784158750940469,1
1921,2796-UUZZO,0.1361524583737503,0
5439,7658-UYUQS,0.41651685867813665,0
3037,4349-GFQHK,0.52347949835948,1
5281,7450-NWRTR,0.7794870582097047,1
2795,3976-NLDEZ,0.20328182483665327,0
3512,4980-URKXC,0.017049657405611478,0
5371,7581-EBBOU,0.022222012682570513,0
3265,4667-QONEA,0.01860980607130774,0
3815,5365-LLFYV,0.4518391911442073,0
209,0324-BRPCJ,0.4710696468950898,0
3236,4633-MKHYU,0.6191032017072008,1
3114,4465-VDKIQ,0.4760061694108522,0
1133,1661-CZBAU,0.03376558818686401,0
598,0875-CABNR,0.6293679474419803,1
6964,9881-VCZEP,0.30524888628708857,0
6585,9361-YNQWJ,0.007725418506879359,0
2075,2984-MIIZL,0.5557967709867472,1
629,0925-VYDLG,0.7178309788632554,1
3274,4678-DVQEO,0.44687866003669274,0
691,1023-BQXZE,0.03153474288155123,0
6613,9397-TZSHA,0.0049722799188700595,0
4415,6227-FBDXH,0.09688912539121625,0
2096,3005-TYFRD,0.3741594211909818,0
2807,3995-WFCSM,0.4735299268646597,0
3306,4712-AUQZO,0.23288229063445692,0
115,0201-OAMXR,0.06538949758340007,0
3739,5268-DSMNQ,0.17898075061200622,0
1977,2862-JVEOY,0.07653482810908284,0
4542,6402-SSEJG,0.16221956844014812,0
4429,6243-OZGFH,0.5382525439496174,1
4443,6260-XLACS,0.07622327636571238,0
4301,6061-GWWAV,0.029082991724500264,0
334,0491-KAPQG,0.6438471177547295,1
229,0356-ERHVT,0.3353403471938136,0
5538,7799-DSEWS,0.21774956566910722,0
5181,7285-KLOTR,0.23743578288298728,0
1504,2208-NQBCT,0.3367341103774199,0
5694,8022-BECSI,0.033937209740878486,0
1894,2750-BJLSB,0.1447684929347282,0
6879,9773-PEQBZ,0.6251764288771691,1
6111,8651-ENBZX,0.21843821559015306,0
4342,6127-ISGTU,0.7246871681139997,1
856,1241-EZFMJ,0.006290712555252074,0
4585,6469-MRVET,0.17602986706522591,0
6202,8775-ERLNB,0.7574050059427742,1
1105,1614-JBEBI,0.2207107700851067,0
1968,2848-YXSMW,0.002298043289892662,0
6749,9578-VRMNM,0.40699727630290544,0
4361,6147-CBCRA,0.04689742028725797,0
2511,3588-WSTTJ,0.6316723842578235,1
6106,8645-KWHJO,0.44329713520278585,0
3422,4849-PYRLQ,0.02316026863305747,0
5890,8285-ABVLB,0.003388290578027055,0
4399,6202-DYYFX,0.33911026609695577,0
355,0520-FDVVT,0.20730584531408125,0
1997,2883-ILGWO,0.3028318901799527,0
5813,8183-ONMXC,0.6773105883666695,1
1067,1555-HAPSU,0.0036962071577062846,0
1973,2856-NNASM,0.4105023080609751,0
2833,4026-SKKHW,0.29554622509523737,0
3068,4391-RESHN,0.4187562381138464,0
6200,8774-GSBUN,0.0035708601254427277,0
6549,9300-AGZNL,0.8456287511468434,1
1827,2665-NPTGL,0.6007715708278277,1
6199,8773-HHUOZ,0.3250094591243106,0
2018,2911-IJORQ,0.058193426670372514,0
306,0454-OKRCT,0.07018225754995412,0
4924,6925-BAYGL,0.014587699539698127,0
5964,8404-VIOMB,0.017622544583112652,0
1238,1834-WULEG,0.0287008314313979,0
4041,5696-QURRL,0.4453181693972346,0
1477,2186-QZEYA,0.24096736629651214,0
797,1163-VIPRI,0.07728775058516019,0
4213,5949-EBSQK,0.22148819976845868,0
3022,4323-OHFOW,0.12537990669075608,0
4437,6257-DTAYD,0.08704903897137402,0
826,1208-DNHLN,0.1463486398358697,0
6558,9314-QDMDW,0.26158230167036134,0
6137,8695-WDYEA,0.2937499778371359,0
2848,4063-EIKNQ,0.10158070012258741,0
6235,8818-DOPVL,0.5858411296475327,1
1090,1587-FKLZB,0.3009937292750815,0
1450,2141-RRYGO,0.4505111215481794,0
1639,2380-DAMQP,0.07797519290187134,0
73,0118-JPNOY,0.46930101499118726,0
6028,8535-SFUTN,0.4083514665618142,0
6189,8752-STIVR,0.7398027244942139,1
1600,2325-ZUSFD,0.03535301768018817,0
4366,6161-ERDGD,0.019715143804151614,0
5105,7175-NTIXE,0.17034124533726258,0
2542,3639-XJHKQ,0.24109974852314783,0
4587,6473-ULUHT,0.23336902649021615,0
1239,1837-YQUCE,0.014285597483125821,0
246,0375-HVGXO,0.7319092214310949,1
3488,4940-KHCWD,0.00859839166076785,0
2906,4138-NAXED,0.215851864561972,0
804,1172-VIYBP,0.0257463207901351,0
1604,2333-KWEWW,0.04000837431887219,0
6245,8835-VSDSE,0.7284295690499131,1
1287,1915-OAKWD,0.05112704013802809,0
1899,2758-RNWXS,0.1556205069696229,0
848,1228-ZLNBX,0.4320228419359061,0
1727,2519-ERQOJ,0.3127551324595733,0
3741,5271-DBYSJ,0.6455693630886684,1
3927,5527-ACHSO,0.2160161420761868,0
368,0537-QYZZN,0.5795412254714257,1
6930,9831-BPFRI,0.16045669885746106,0
2410,3452-ABWRL,0.4593495802631798,0
6619,9405-GPBBG,0.10950198607804676,0
3149,4521-YEEHE,0.5892173588762831,1
5399,7609-NRNCA,0.05474602670411587,0
5083,7139-JZFVG,0.009477028610978159,0
6839,9714-EDSUC,0.37375176313096703,0
585,0862-PRCBS,0.08594757526504955,0
6267,8869-TORSS,0.02218926208041831,0
5403,7613-LLQFO,0.7300434756265893,1
2613,3722-WPXTK,0.7628191230972511,1
2674,3797-VTIDR,0.6941907253993774,1
2156,3090-LETTY,0.29278645539789977,0
3810,5357-TZHPP,0.7173255373242441,1
95,0164-APGRB,0.10883455936797885,0
1297,1929-ZCBHE,0.026243060444281718,0
6878,9770-LXDBK,0.1975971489906192,0
5602,7883-ROJOC,0.20812713393718385,0
1009,1455-UGQVH,0.7352855764908584,1
6001,8467-WYNSR,0.08714487673856022,0
2457,3520-FJGCV,0.059954085712233464,0
3340,4759-TRPLW,0.6505058757056451,1
724,1069-QJOEE,0.04033020847823113,0
3688,5197-YPYBZ,0.0730376908999802,0
3090,4430-UZIPO,0.3873404485498927,0
4651,6563-VNPMN,0.17510542873423707,0
1700,2478-EEWWM,0.16164977818344145,0
5648,7964-YESJC,0.1588653897240629,0
4772,6718-BDGHG,0.05348838020858772,0
4160,5883-GTGVD,0.7082273525143291,1
3692,5201-CBWYG,0.005819424603025342,0
4255,5995-WWKKG,0.04298763939806869,0
928,1346-UFHAX,0.5616369686341026,1
2260,3230-IUALN,0.028539853768496885,0
519,0754-UKWQP,0.7281170116320366,1
3937,5542-NKVRU,0.017643992209285184,0
2415,3454-JFUBC,0.00494227538940547,0
6065,8595-SIZNC,0.06466798795132474,0
898,1306-RPWXZ,0.007356433349194456,0
5920,8332-OSJDW,0.06503873874236082,0
5150,7245-JMTTQ,0.21790812257120323,0
4825,6789-HJBWG,0.44276617392123246,0
2211,3165-HDOEW,0.4016194523237386,0
4783,6728-VOIFY,0.17821823830741282,0
1494,2202-OUTMO,0.12002235641740536,0
1154,1698-XFZCI,0.19941435111875316,0
2111,3030-YDNRM,0.7376030718023535,1
1788,2612-PHGOX,0.022997558688575115,0
6885,9778-OGKQZ,0.02048389513653698,0
3706,5214-NLTIT,0.08199610784002677,0
6607,9391-EOYLI,0.7116135726337718,1
3489,4942-VZZOM,0.03426196964391672,0
3602,5115-SQAAU,0.006388059297174194,0
6751,9584-EXCDZ,0.3992125220739405,0
4456,6284-KMNUF,0.25490431409944325,0
6519,9251-AWQGT,0.007582466100181911,0
2578,3683-QKIUE,0.28145905849902036,0
4765,6705-LXORM,0.6893387366359863,1
2779,3956-CJUST,0.4346625661769923,0
6546,9297-EONCV,0.020965122673489506,0
2209,3164-AALRN,0.23223082850450544,0
602,0880-TKATG,0.6683911994872538,1
2040,2933-FILNV,0.5564542514287768,1
377,0562-HKHML,0.003839210215079206,0
1869,2716-GFZOR,0.22238135846490972,0
660,0967-BMLBD,0.0786564918300189,0
5122,7206-PQBBZ,0.6863267396042919,1
5483,7718-RXDGG,0.4760177834953083,0
4318,6088-BXMRG,0.6119219321393309,1
481,0701-TJSEF,0.2000598946918164,0
262,0390-DCFDQ,0.6778517604622869,1
5899,8305-VHZBZ,0.26712989825969263,0
1685,2455-USLMV,0.3904398537564144,0
4685,6614-FHDBO,0.05612942965179516,0
53,0093-XWZFY,0.4602802353418104,0
2476,3544-FBCAS,0.030129843714778597,0
2866,4083-EUGRJ,0.14309718312345449,0
2195,3144-KMTWZ,0.18835215890481888,0
5036,7079-QRCBC,0.6886899961892915,1
5582,7858-GTZSP,0.7512154781104337,1
4802,6749-UTDVX,0.16912427039408706,0
4977,6999-CHVCF,0.08060997049933208,0
236,0363-SVHYR,0.010858528316395317,0
3917,5515-AKOAJ,0.40110321786753345,0
6617,9402-ORRAH,0.742039233988219,1
4357,6141-OOXUQ,0.20384610605605766,0
1941,2817-LVCPP,0.00720527722931196,0
4313,6082-GLJIX,0.09860783942688259,0
3102,4450-DLLMH,0.6302929134845862,1
6335,8970-ANWXO,0.1307580541423385,0
3059,4377-VDHYI,0.20935285891225475,0
3789,5327-XOKKY,0.04453081371929809,0
5526,7781-EWARA,0.019700606478391707,0
3061,4378-MYPGO,0.06386192442577597,0
6352,8992-OBVDG,0.18074656672050074,0
3682,5193-QLVZB,0.14711317652777503,0
2935,4188-PCPIG,0.017555889892827758,0
2276,3254-YRILK,0.7165903174460125,1
1121,1636-NTNCO,0.6429458921812349,1
4371,6166-YIPFO,0.021367463161657104,0
4104,5803-NQJZO,0.009817303213197738,0
2079,2985-JUUBZ,0.2916180447278025,0
3452,4893-GYUJU,0.010231934506357794,0
4614,6506-EYCNH,0.07216036918303954,0
4058,5716-EZXZN,0.058564463415835884,0
1656,2405-LBMUW,0.01609207181794142,0
6594,9371-BITHB,0.005235555440590629,0
5704,8039-ACLPL,0.010080378550142153,0
3035,4342-HFXWS,0.018367855619627955,0
100,0178-CIIKR,0.19760827753891796,0
3890,5472-CVMDX,0.005766699348184326,0
6295,8905-IAZPF,0.10513142002258963,0
232,0361-HJRDX,0.011588504608420876,0
3915,5512-IDZEI,0.018793325548885256,0
3965,5578-NKCXI,0.07383417259758046,0
4432,6248-TKCQV,0.0206199248038448,0
2110,3027-ZTDHO,0.7617901575235552,1
2999,4291-YZODP,0.07385405815312503,0
157,0257-ZESQC,0.3948616412832272,0
1651,2400-FEQME,0.0042273869898711595,0
2418,3460-TJBWI,0.03137970844594783,0
1170,1724-IQWNM,0.23858935072798812,0
3589,5088-QZLRL,0.2977647268561987,0
3053,4369-HTUIF,0.5837005308113389,1
4654,6568-POCUI,0.12485884836046306,0
4524,6374-AFWOX,0.012383103971331185,0
6100,8639-NHQEI,0.06794294994136585,0
3315,4719-UMSIY,0.15074191516451976,0
4392,6195-MELTI,0.016591837283950573,0
3492,4947-DSMXK,0.43773029662587803,0
6518,9250-WYPLL,0.7048695733373137,1
6175,8740-XLHDR,0.27360747942168767,0
1383,2045-BMBTJ,0.2692888848999801,0
6976,9898-KZQDZ,0.5253377846947255,1
2266,3239-TPHPZ,0.1141255327572981,0
4200,5931-FLJJF,0.6108583020811015,1
573,0841-NULXI,0.7149572469138783,1
6836,9710-NJERN,0.012408499389840465,0
6151,8714-CTZJW,0.6185654533230006,1
6654,9469-WEJBT,0.3176096103660401,0
3209,4598-ZADCK,0.03886236980837605,0
2719,3870-MQAMG,0.153682753613595,0
5459,7682-AZNDK,0.4173773483651956,0
2157,3090-QFUVD,0.23207887033964109,0
5732,8066-POXGX,0.6012793888465306,1
7032,9975-GPKZU,0.009654334115407556,0
1715,2499-AJYUA,0.1154959919509192,0
754,1098-KFQEC,0.005161080745992011,0
4850,6838-HVLXG,0.13268215844671016,0
707,1043-UXOVO,0.07625583816719325,0
5323,7519-JTWQH,0.09566367738893845,0
6681,9497-QCMMS,0.8458438467751643,1
3805,5351-QESIO,0.4553448154315733,0
37,0060-FUALY,0.3525913431501831,0
884,1285-OKIPP,0.6701570000054321,1
5215,7338-ERIVA,0.027700085217628824,0
1137,1670-SVOWZ,0.38300444641090836,0
3674,5181-OABFK,0.02012439525398833,0
3188,4568-KNYWR,0.03220474547681739,0
1829,2668-TZSPS,0.20337084446134768,0
41,0068-FIGTF,0.052356112326571995,0
5314,7508-DQAKK,0.028012656249789925,0
5594,7876-BEUTG,0.38908878419599474,0
3992,5628-FCGYG,0.6754578518135973,1
2442,3500-NSDOA,0.012564456342086623,0
630,0927-CNGRH,0.17996956969671546,0
1184,1741-WTPON,0.05486854003724652,0
2411,3452-FLHYD,0.04239286011173286,0
2794,3976-HXHCE,0.0021083755169455367,0
2701,3842-IYKUE,0.24644396607383642,0
2961,4229-CZMLL,0.7537017535247957,1
2377,3402-XRIUO,0.1936089680766984,0
6515,9244-ZVAPM,0.3596624550051361,0
4810,6769-DCQLI,0.09045154264686509,0
4227,5965-GGPRW,0.06266102721714807,0
742,1089-XZWHH,0.03386561361624565,0
959,1393-IMKZG,0.6604062024537655,1
242,0373-AIVNJ,0.13873908229452686,0
6150,8713-IGZSO,0.24899147450734552,0
4572,6445-TNRXS,0.062070314797075025,0
3015,4315-MURBD,0.4036609489830952,0
5686,8012-SOUDQ,0.5759297163689411,1
2191,3138-BKYAV,0.6880107961825227,1
3652,5161-UBZXI,0.048641544309445534,0
6494,9208-OLGAQ,0.6709912963101918,1
2756,3923-CSIHK,0.3947898238259571,0
4954,6976-BWGLQ,0.003265740701981391,0
6623,9412-ARGBX,0.06913584218060227,0
488,0716-BQNDX,0.0959171035244921,0
5990,8450-JOVAH,0.312319737030218,0
5645,7963-GQRMY,0.3167990195521181,0
2791,3970-XGJDU,0.007428613234365456,0
5228,7359-PTSXY,0.4826936688643208,0
2616,3724-UCSHY,0.14154845687791173,0
1225,1814-DKOLC,0.23284452810459152,0
5037,7080-TNUWP,0.0976075333641104,0
779,1135-HIORI,0.14606724009930455,0
3975,5600-KTXFM,0.47593022287943176,0
2790,3969-JQABI,0.07235848425676648,0
1732,2521-NPUZR,0.02668508396499834,0
6376,9033-EOXWV,0.1382300606195983,0
1756,2568-BRGYX,0.7138103680806369,1
2277,3255-GRXMG,0.28123218550524415,0
747,1092-WPIVQ,0.04989630904412864,0
6276,8879-ZKJOF,0.03894772082719164,0
1342,2000-DHJUY,0.02831033450829821,0
3809,5356-RHIPP,0.26712989825969263,0
6401,9066-QRSDU,0.012367499634281107,0
4483,6328-ZPBGN,0.735110998061028,1
1424,2097-YVPKN,0.005270454811979328,0
1578,2300-RQGOI,0.015281616230459679,0
3952,5566-SOEZD,0.1500399477838411,0
5658,7975-TZMLR,0.30940801225364617,0
5511,7762-ONLJY,0.07242496085847919,0
5756,8097-VBQTZ,0.04268143878918754,0
5407,7619-ODSGN,0.2355053758305007,0
2310,3308-MHOOC,0.23865591359277638,0
4771,6715-OFDBP,0.5443880508895775,1
6806,9661-ACXBS,0.5204289638908227,1
641,0939-YAPAF,0.6239992270471323,1
6573,9348-YVOMK,0.4366548321936065,0
3320,4727-MCYZG,0.3796941735217463,0
5893,8292-FRFZQ,0.025412625820865207,0
2324,3323-CPBWR,0.41771928586337687,0
5676,7998-WNZEM,0.010225805073091827,0
5294,7473-ZBDSN,0.04209105421375111,0
2069,2978-XXSOG,0.1830101809814503,0
3899,5482-PLVPE,0.6740377384138516,1
6828,9700-ISPUP,0.32924913067769723,0
1436,2120-SMPEX,0.083920329476035,0
5895,8292-TYSPY,0.17153438472549667,0
2367,3392-EHMNK,0.04784270651550444,0
556,0820-FNRNX,0.1846420909135373,0
3407,4829-AUOAX,0.35974328646141224,0
3278,4685-ERGHK,0.2298896152687212,0
2152,3086-RUCRN,0.14424592999974095,0
2510,3587-PMCOY,0.396550829932158,0
792,1156-ZFYDO,0.31310352412505216,0
6050,8571-ZCMCX,0.057052437117870614,0
1745,2542-HYGIQ,0.2323074775088565,0
887,1293-HHSHJ,0.01877997117644346,0
2930,4184-TJFAN,0.444587838617179,0
3627,5138-WVKYJ,0.6429542214313121,1
4482,6326-MTTXK,0.6925668296663731,1
2154,3088-LHEFH,0.5441693844352844,1
1958,2834-JRTUA,0.10655518938396295,0
1975,2858-MOFSQ,0.15754154867701647,0
3420,4847-QNOKA,0.46214390824016016,0
5319,7515-LODFU,0.004089048207920388,0
4618,6509-TSGWN,0.05491329566605057,0
1551,2263-SFSQZ,0.01330095222250794,0
5066,7126-RBHSD,0.5380330855146807,1
4242,5982-PSMKW,0.0759108698383581,0
296,0436-TWFFZ,0.024450541009174726,0
1672,2436-QBZFP,0.3476110912230024,0
4125,5834-ASPWA,0.7829199717050618,1
315,0464-WJTKO,0.0019178547737755676,0
386,0570-BFQHT,0.5484460656682462,1
2800,3982-JGSFD,0.028664647502701295,0
5199,7317-GGVPB,0.08403824675774973,0
6130,8680-CGLTP,0.06421902067991503,0
6535,9279-CJEOJ,0.6697562001523886,1
317,0471-ARVMX,0.2669157013671045,0
6470,9158-VCTQB,0.2797220647792546,0
2655,3771-PZOBW,0.5633420663702626,1
2187,3133-PZNSR,0.043974877633574126,0
5035,7078-NVFAM,0.25281024775096334,0
6520,9251-WNSOD,0.021051978863931533,0
4219,5955-EPOAZ,0.24005361073495768,0
1013,1465-LNTLJ,0.3012373466897678,0
731,1078-TDCRN,0.7080067530211438,1
2374,3399-BMLVW,0.009781633368568207,0
3225,4625-LAMOB,0.010982829643661034,0
4926,6928-ONTRW,0.002472572870373638,0
4986,7011-CVEUC,0.38793702264860364,0
1022,1475-VWVDO,0.648121560917475,1
4092,5781-RFZRP,0.010357655475184068,0
3077,4403-BWPAY,0.11045803442744517,0
5030,7073-QETQY,0.006429267778426489,0
6109,8648-PFRMP,0.6650334063117291,1
415,0617-AQNWT,0.014864653372851033,0
1524,2234-EOFPT,0.012150101966988612,0
5870,8257-RZAHR,0.35238411525816826,0
3843,5396-IZEPB,0.15608107316984196,0
4188,5917-HBSDW,0.05896118143799507,0
6338,8975-SKGRX,0.06593045336571769,0
1051,1536-HBSWP,0.4489624318241588,0
4775,6723-CEGQI,0.010808464631624446,0
5950,8388-FYNPZ,0.3462853130426316,0
4210,5945-AZYHT,0.1639245872998528,0
379,0564-JJHGS,0.7746663977572383,1
1054,1541-ETJZO,0.2715085131320058,0
4283,6032-KRXXO,0.5652732146499141,1
4733,6664-FPDAC,0.23691580078601912,0
6853,9734-YWGEX,0.6059151942775878,1
6812,9670-BPNXF,0.02605011091874915,0
3783,5321-NTRKC,0.025423237845376225,0
6465,9150-HEPMB,0.014335330843980702,0
1425,2100-BDNSN,0.2744357931760267,0
5497,7740-BTPUX,0.2168255618458957,0
5698,8029-XYPWT,0.08336627963587996,0
5965,8404-VLQFB,0.2545085472677015,0
7000,9932-WBWIK,0.13039862475973715,0
4697,6621-NRZAK,0.004233029491337254,0
6958,9867-XOBQA,0.04857231832548433,0
3431,4860-YZGZM,0.2178299892353952,0
6463,9143-CANJF,0.12071931675712994,0
999,1449-XQEMT,0.24703868049806496,0
885,1291-CUOCY,0.08585127664637941,0
930,1349-WXNGG,0.2033366771335499,0
3140,4505-EXZHB,0.6447088890400855,1
4291,6047-SUHPR,0.039906907799705474,0
1679,2451-YMUXS,0.01617676959549742,0
5820,8191-XWSZG,0.008523490083180298,0
2931,4184-VODJZ,0.16801924675889418,0
4842,6823-SIDFQ,0.025957689449005054,0
6369,9026-RNUJS,0.459063052706457,0
6125,8676-OOQEJ,0.44175475711516043,0
3048,4361-JEIVL,0.5340494525433269,1
2422,3466-WAESX,0.3904668575107711,0
4910,6908-VVYHM,0.34525113438230065,0
259,0384-RVBPI,0.16228054630417457,0
3002,4298-OYIFC,0.595470467906432,1
3592,5091-HFAZW,0.6655923923146516,1
3346,4770-QAZXN,0.14433132231578896,0
405,0603-OLQDC,0.29171661826841727,0
5443,7663-RGWBC,0.4461327896360653,0
5116,7196-LIWRH,0.07464468179699565,0
1199,1766-GKNMI,0.6114005476349544,1
983,1428-GTBJJ,0.6254243414681253,1
4527,6377-KSLXC,0.1717271904871972,0
6436,9112-WSNPU,0.4338396671577907,0
3633,5144-TVGLP,0.5660508932385907,1
3065,4389-UEFCZ,0.16248340119006308,0
1724,2514-GINMM,0.7461503279830195,1
3221,4619-EVPHY,0.38135064615875214,0
4103,5802-ADBRC,0.180954598827509,0
3941,5546-QUERU,0.07499503069003378,0
2835,4030-VPZBD,0.5715631142138784,1
1834,2672-OJQZP,0.3764373639370573,0
5372,7586-ZATGZ,0.5385090554950601,1
1689,2462-XIIJB,0.7515909114431721,1
5721,8058-INTPH,0.7588990562927732,1
3402,4826-XTSOH,0.8300126908414063,1
4723,6651-RLGGM,0.004463848710500289,0
3347,4770-UEZOX,0.6945739268396568,1
3413,4835-YSJMR,0.03135463702864881,0
4321,6096-EGVTU,0.005119657408587191,0
3472,4919-IKATY,0.6337912001547632,1
7001,9933-QRGTX,0.10359299096149308,0
4806,6762-NSODU,0.007503657266410827,0
4196,5924-IFQTT,0.32378632723639644,0
2982,4274-OWWYO,0.7025186910465995,1
1974,2858-EIMXH,0.28278818035032816,0
5578,7854-EKTJL,0.345536603699219,0
406,0603-TPMIB,0.005779182236503403,0
3835,5386-THSLQ,0.024660365536672123,0
228,0354-WYROK,0.46170846965998535,0
3336,4750-ZRXIU,0.8295270622119228,1
3326,4737-AQCPU,0.007327288942951514,0
3454,4896-CPRPF,0.022146442816868193,0
3232,4629-NRXKX,0.6177672275060587,1
5190,7301-ABVAD,0.017694558495412526,0
4056,5712-PTIWW,0.557682960473013,1
3596,5095-ETBRJ,0.009370082776513479,0
3719,5231-FIQPA,0.017537835789368232,0
1361,2025-JKFWI,0.5218991803461351,1
3786,5324-KTGCG,0.0036799974903966677,0
6377,9036-CSKBW,0.12037576666780896,0
5514,7765-LWVVH,0.11073924625671326,0
3312,4717-GHADL,0.04891078883961387,0
3161,4534-WGCIR,0.006334265889120635,0
4129,5840-NVDCG,0.04397025619770828,0
3014,4312-KFRXN,0.004402545625297379,0
3272,4676-MQUEA,0.1576378900292014,0
5795,8160-HOWOX,0.5763521695910396,1
2067,2974-GGUXS,0.5266241517033962,1
5855,8229-MYEJZ,0.37499301341636054,0
2184,3130-ICDUP,0.5277389096065235,1
4250,5993-BQHEA,0.05922019488850419,0
5710,8043-PNYSD,0.0028603473484991606,0
6206,8778-LMWTJ,0.6186592889379745,1
1584,2308-STERM,0.198119984603899,0
2133,3063-QFSZL,0.6087487492072778,1
5894,8292-ITGYJ,0.016518083088797885,0
5667,7989-VCQOH,0.16208252904312453,0
5718,8051-HJRLT,0.7813189058289994,1
2165,3096-YXENJ,0.08931704138228946,0
2939,4192-GORJT,0.7089962802915057,1
6259,8859-AXJZP,0.022950750275541765,0
4320,6094-ZIVKX,0.016430958028209965,0
2604,3717-FDJFU,0.06352718827578069,0
5822,8197-BFWVU,0.01851524828343188,0
6064,8593-WHYHV,0.7874826222599796,1
3694,5201-USSQZ,0.2679051402556014,0
5124,7208-PSIHR,0.08708065666274038,0
1717,2504-DSHIH,0.6304595563597896,1
1085,1579-KLYDT,0.7394292211569422,1
1038,1501-SGHBW,0.3484792054169114,0
5934,8361-LTMKD,0.7076160242817391,1
2450,3509-GWQGF,0.3930815478331492,0
1366,2027-OAQQC,0.2081278253611652,0
3303,4709-LKHYG,0.03883474325262032,0
5291,7471-MQPOS,0.01887127502380831,0
1043,1518-OMDIK,0.1711740769872063,0
292,0430-IHCDJ,0.49923855171318865,0
4979,7005-CCBKV,0.6780223177606608,1
5500,7743-EXURX,0.416786999336969,0
1282,1905-OEILC,0.21536914795560483,0
123,0215-BQKGS,0.2933268262072672,0
42,0071-NDAFP,0.03460657214602147,0
1556,2267-WTPYD,0.26956069635476815,0
3797,5339-PXDVH,0.6549722054768962,1
1470,2172-EJXVF,0.2558897544155995,0
309,0458-HEUZG,0.09884881769062924,0
5249,7398-LXGYX,0.2862510300373281,0
2495,3569-VLDHH,0.016728844159425355,0
4314,6082-OQFBA,0.028741073366421708,0
3124,4482-EWFMI,0.7330714899283726,1
4847,6834-NXDCA,0.5706144040495775,1
6201,8775-CEBBJ,0.37593140385859075,0
4406,6211-WWLTF,0.06635336059940591,0
6336,8972-HJWNV,0.8050136000145698,1
3129,4487-ZYJZK,0.013942816218649635,0
1708,2484-DGXPZ,0.05353689644845572,0
5647,7964-VEXDG,0.4451240428650017,0
3746,5276-KQWHG,0.775197983952896,1
3860,5438-QMDDL,0.28433054355687837,0
5031,7074-IEVOJ,0.7999012330018682,1
2172,3104-OWCGK,0.08941962870019061,0
2628,3737-XBQDD,0.4477428609881544,0
994,1444-VVSGW,0.060403487324190604,0
3571,5060-TQUQN,0.26138357950894253,0
6680,9496-IVVRP,0.19704951883352273,0
302,0442-TDYUO,0.009020848778400698,0
6158,8722-PRFDV,0.014573844491631275,0
3406,4828-FAZPK,0.5373343097509276,1
6753,9586-JGQKH,0.1033879824751852,0
448,0661-KBKPA,0.042698361015351474,0
2991,4283-IVYCI,0.167144965846253,0
3404,4827-LTQRJ,0.10799289953375193,0
5995,8456-QDAVC,0.4926956010413396,0
570,0839-QNXME,0.024123845030419915,0
4073,5751-USDBL,0.017531649827147385,0
4707,6631-HMANX,0.024411207924782113,0
412,0612-RTZZA,0.6850591182645126,1
6415,9086-YJYXS,0.07740420047046764,0
6767,9609-BENEA,0.10807261437042597,0
151,0253-ZTEOB,0.05101932365711445,0
4214,5949-HGVJL,0.2539693332697782,0
5762,8104-OSKWT,0.6565819737431712,1
6253,8849-GYOKR,0.12908871809074762,0
5799,8165-ZJRNM,0.0031679320705507697,0
2617,3726-TBHQT,0.0550824756100906,0
6489,9194-GFVOI,0.03972284416885821,0
6212,8780-YRMTT,0.009970205715416092,0
3704,5213-TWWJU,0.3038229959716843,0
4928,6933-VLYFX,0.07045889503624322,0
6121,8670-ERCJH,0.046404073103047894,0
3360,4795-KTRTH,0.7848161711859414,1
3322,4730-AWNAU,0.038390608752259005,0
1302,1934-MKPXS,0.019853541723990113,0
4689,6615-NGGZJ,0.7330158844342737,1
5958,8400-WZICQ,0.05464841140364201,0
2803,3987-KQDDU,0.5102405615354354,1
3244,4641-FROLU,0.01752068705711499,0
631,0927-LCSMG,0.4419117936316735,0
176,0282-NVSJS,0.340860985256888,0
2135,3067-SVMTC,0.006359918079523288,0
3892,5474-LAMUQ,0.025732090632928726,0
7039,9992-RRAMN,0.6666899896809315,1
49,0082-OQIQY,0.4580761441854921,0
5346,7551-JOHTI,0.21536914795560483,0
6721,9546-KDTRB,0.1282119714538644,0
6854,9738-QLWTP,0.10156709182545878,0
6896,9795-SHUHB,0.008751396001864852,0
1291,1925-GMVBW,0.1960269032554913,0
7010,9944-HKVVB,0.7429818886946103,1
6757,9591-YVTEB,0.15882492155757572,0
2507,3584-WKTTW,0.1765212179654785,0
3369,4803-AXVYP,0.5531065311973113,1
4908,6907-FLBER,0.5303466427589468,1
3080,4415-IJZTP,0.7949886850825012,1
1109,1622-HSHSF,0.28133802618943243,0
5982,8434-VGEQQ,0.0032092681628311977,0
4161,5884-FBCTL,0.0027973219679718903,0
3707,5215-LNLDJ,0.6159850398158001,1
3295,4702-HDRKD,0.01343967664611888,0
6030,8541-QVFKM,0.7442622882453297,1
2804,3988-RQIXO,0.8107415950946636,1
2677,3800-LYTRK,0.059285234696691946,0
3389,4818-QIUFN,0.6670615247844278,1
2467,3530-CRZSB,0.15839987183793536,0
2437,3489-HHPFY,0.8006937683973793,1
5936,8372-JUXUI,0.7562634032985501,1
3249,4647-XXZAM,0.28862325739716616,0
422,0621-HJWXJ,0.21579337149691902,0
6530,9272-LSVYH,0.45001648242513814,0
3020,4322-RCYMT,0.016634889052744534,0
6960,9873-MNDKV,0.35356212590495845,0
6090,8627-ZYGSZ,0.22942833728470288,0
6340,8979-CAMGB,0.13016306961662313,0
2810,3999-WRNGR,0.13701678845406742,0
5394,7605-BDWDC,0.06288892430289167,0
5133,7228-OMTPN,0.7471059573752713,1
7014,9950-MTGYX,0.03677752166725659,0
4199,5930-GBIWP,0.018114461174093315,0
5353,7562-GSUHK,0.4958248672984375,0
6209,8780-IHCRN,0.004773404400242989,0
4628,6522-OIQSX,0.02810856767169563,0
3199,4584-LBNMK,0.017285566197349785,0
3158,4529-CKBCL,0.7515625227339864,1
6386,9052-DHNKM,0.11557048289253288,0
6435,9110-HSGTV,0.018814595052641138,0
1755,2565-JSLRY,0.33213491157428454,0
1596,2324-AALNO,0.013018605876584287,0
4378,6173-GOLSU,0.3800663577739042,0
2597,3712-PKXZA,0.0068743640806190895,0
5311,7503-QQRVF,0.5327523765585579,1
2622,3729-OWRVL,0.1462797217285179,0
6880,9774-NRNAU,0.23818996896111166,0
5971,8413-YNHNV,0.01462827583144981,0
2656,3774-VBNXY,0.0032789690850559,0
6431,9103-TCIHJ,0.31910441837168946,0
3537,5016-LIPDW,0.005053819644741646,0
505,0739-UUAJR,0.019950932117649943,0
6210,8780-IXSTS,0.7642902274933983,1
6545,9294-TDIPC,0.1574980246707573,0
5690,8017-LXHFA,0.6688115250935497,1
1309,1942-OQFRW,0.48429479136585996,0
5087,7145-FEJWU,0.7001590245880072,1
3473,4919-MOAVT,0.5987995989283519,1
6328,8963-JLGJT,0.22024193028728906,0
6914,9817-APLHW,0.2370730583449167,0
5872,8259-DZLIZ,0.026908829529254028,0
901,1309-BXVOQ,0.5636005349213423,1
2630,3740-RLMVT,0.010890140291011435,0
5535,7795-CFOCW,0.020229947203871623,0
6172,8739-WWKDU,0.6823587177831328,1
4003,5649-ANRML,0.5048366294339723,1
6768,9610-WCESF,0.012146374448075878,0
25,0032-PGELS,0.39263697598611563,0
6512,9239-GZHZE,0.07769600588993139,0
2504,3580-REOAC,0.3713008623491926,0
6953,9863-JZAIC,0.1221845449025353,0
6469,9154-QDGTH,0.14899240348304477,0
5226,7356-AYNJP,0.18288817903819152,0
3405,4827-USJHP,0.2392905978387924,0
6638,9436-ZBZCT,0.6149405918469231,1
3487,4939-KYYPY,0.1820412380885865,0
6820,9688-YGXVR,0.29898131216082596,0
4675,6598-KELSS,0.03659498237668671,0
4998,7025-IWFHT,0.15433580062334004,0
27,0040-HALCW,0.0057514875960252895,0
6413,9081-WWXKP,0.01037473043940114,0
1711,2495-INZWQ,0.7080366247588257,1
4249,5989-PGKJB,0.6298150116927259,1
4668,6584-VQMYT,0.042067807701879116,0
6018,8510-AWCXC,0.7600761894665116,1
2248,3211-ILJTT,0.4681489295019979,0
3876,5448-VWNAM,0.18767021875448,0
2874,4094-NSEDU,0.7692779818291927,1
3672,5178-LMXOP,0.8422409840498661,1
2202,3156-QLHBO,0.16448043540884488,0
2653,3768-VHXQO,0.005578755913288047,0
738,1087-UDSIH,0.2603569981807982,0
1092,1591-MQJTP,0.15498361472678776,0
6502,9224-VTYID,0.03267246999879564,0
2723,3873-WOSBC,0.004163208303317819,0
3639,5149-QYTTU,0.040229508692258414,0
5552,7817-BOQPW,0.7895314710572257,1
3376,4808-YNLEU,0.06805634907663108,0
3680,5188-HGMLP,0.23363188770012844,0
3493,4948-WBBKL,0.4620166736755677,0
370,0547-HURJB,0.12470078075398347,0
1283,1907-UBQFC,0.6946047371208338,1
4779,6726-WEXXK,0.3537205613619132,0
2454,3518-FSTWG,0.1210396129018156,0
4582,6464-KEXXH,0.5302838467444094,1
2814,4003-FUSHP,0.22090223803412393,0
3834,5385-SUIRI,0.48948150548466096,0
5119,7203-OYKCT,0.1957025574823855,0
3701,5207-PLSTK,0.3342427549573163,0
168,0269-XFESX,0.039919662084834925,0
5363,7572-KPVKK,0.13205350466783147,0
4226,5961-VUSRV,0.08820914121127114,0
1500,2207-QPJED,0.3176255058999195,0
1927,2801-NISEI,0.12699019113877946,0
5977,8429-XIBUM,0.5211410891265427,1
1632,2372-HWUHI,0.47214850608867936,0
6866,9754-CLVZW,0.10185309604211888,0
5303,7493-GVFIO,0.004492805459462861,0
6410,9076-AXYIK,0.12494916713214684,0
6438,9114-DPSIA,0.009608504824494208,0
2349,3365-SAIGS,0.6344046550673484,1
2865,4083-BFNYK,0.1913221222532655,0
2074,2984-AFWNC,0.6682610755404116,1
3894,5480-HPRRX,0.6626154560844901,1
949,1374-DMZUI,0.8375835209258365,1
5913,8327-LZKAS,0.3084674916526307,0
4040,5696-JVVQY,0.03568991922259742,0
4404,6210-KBBPI,0.7243579185957483,1
989,1432-FPAXX,0.3646137591647276,0
1444,2133-TSRRM,0.30338114019140494,0
613,0898-XCGTF,0.17809519795987094,0
78,0128-MKWSG,0.12387266115982475,0
6626,9415-TPKRV,0.4309089691982563,0
534,0786-IVLAW,0.14218572351972003,0
6208,8779-YIQQA,0.03520064114105355,0
3675,5183-KLYEM,0.07273694864637426,0
2285,3261-CQXOL,0.0032910062822568563,0
978,1415-YFWLT,0.8118633510025872,1
144,0237-YFUTL,0.2562048163029976,0
5182,7291-CDTMJ,0.2671962010269558,0
295,0434-CSFON,0.540538973610962,1
6744,9575-IWCAZ,0.09489988278911196,0
5557,7824-PANSQ,0.11045369874900142,0
1823,2660-EMUBI,0.8156480341373015,1
3660,5172-MIGPM,0.29545289658799406,0
126,0219-YTZUE,0.5613999621292192,1
5092,7156-MHUGY,0.739673681795022,1
4969,6993-OHLXR,0.6576556574894041,1
1381,2041-JIJCI,0.6074396932022363,1
457,0670-KDOMA,0.2808197898756001,0
4997,7024-OHCCK,0.8502237726659047,1
6411,9079-LWTFD,0.16499799603857235,0
5544,7808-DVWEP,0.19202418644906483,0
3354,4785-FCIFB,0.007329928193014457,0
6954,9866-OCCKE,0.08148625119604626,0
162,0264-CNITK,0.0023773326886082423,0
4133,5845-BZZIB,0.014760984343697747,0
3271,4674-HGNUA,0.01263845910717758,0
5804,8169-SAEJD,0.023206858517989763,0
844,1226-JZNKR,0.09978317015137962,0
4523,6372-RFVNS,0.6841405416777715,1
6081,8621-MNIHH,0.6118795865280892,1
3024,4324-AHJKS,0.2664380219904169,0
5873,8259-NFJTV,0.21721649902310441,0
5811,8182-BJDSI,0.6214855264241426,1
3690,5198-HQAEN,0.16128306277916593,0
1863,2700-LUEVA,0.2197238759706962,0
3908,5498-TXHLF,0.45116688275160177,0
1408,2079-FBMZK,0.589012955067112,1
1048,1530-ZTDOZ,0.07644928688624912,0
1301,1932-UEDCX,0.5482468990163735,1
5490,7729-JTEEC,0.5174573012741932,1
2141,3071-MVJCD,0.00895087536473815,0
4695,6620-HVDUJ,0.07787722589933357,0
1088,1583-IHQZE,0.47173406788047734,0
5970,8413-VONUO,0.6565228712652971,1
1498,2207-NHRJK,0.45253465336167525,0
6701,9518-IMLHK,0.09298101971562911,0
6917,9820-RMCQV,0.25250268293398315,0
2847,4062-HBMOS,0.4810697853708991,0
6395,9058-HRZSV,0.2007279937477162,0
5062,7115-IRDHS,0.003238712634743368,0
6271,8874-EJNSR,0.015619022315553281,0
4174,5899-OUVKV,0.5394930999733679,1
2627,3737-GCSPV,0.4542433749133929,0
2444,3503-TYDAY,0.381536525478247,0
6327,8961-QDZZJ,0.18049810310200787,0
4673,6595-COKXZ,0.46297051063133166,0
5774,8123-QBNAZ,0.4200822188570309,0
6907,9802-CAQUT,0.07161707246499878,0
2331,3336-JORSO,0.5521586666532627,1
3955,5568-DMXZS,0.38136329413971926,0
1616,2357-COQEK,0.5945409019334316,1
6484,9184-GALIL,0.0313935273545463,0
2998,4291-TPNFG,0.013735266213123994,0
6575,9350-ZXYJC,0.15394605709936024,0
1496,2205-LPVGL,0.06430010878241678,0
785,1142-IHLOO,0.1294422013262616,0
6204,8777-MBMTS,0.0902369276879427,0
6868,9758-MFWGD,0.041927860218655695,0
3060,4378-BZYFP,0.058580405957545344,0
3036,4343-EJVQB,0.4047891210282018,0
2606,3717-OEAUQ,0.517966036362157,1
1166,1716-LSAMB,0.011163006641766915,0
5852,8225-BTJAU,0.7304084555444491,1
3779,5317-FLPJF,0.01774138779988003,0
3872,5445-UTODQ,0.7165343036934445,1
4290,6040-CGACY,0.11544185240485923,0
443,0654-HMSHN,0.5408935109400717,1
2118,3043-TYBNO,0.24453297361758933,0
1141,1680-VDCWW,0.06126229932143561,0
391,0578-SKVMF,0.455854510824447,0
5326,7521-YXVZY,0.1645549328094138,0
4706,6630-UJZMY,0.8265141006066548,1
5333,7531-GQHME,0.13013347549250795,0
4005,5649-TJHOV,0.26460366390327045,0
2470,3536-IQCTX,0.5724867478215817,1
2068,2977-CEBSX,0.027526178450468015,0
6867,9755-JHNMN,0.012259983280222183,0
5151,7245-NIIWQ,0.7254352219868394,1
2745,3904-UKFRE,0.709434627473251,1
4635,6542-LWGXJ,0.46234012470259744,0
4094,5788-YPOEG,0.025690431825005716,0
2440,3496-LFSZU,0.6212748040557655,1
6858,9743-DQKQW,0.593635209140284,1
4656,6572-ADKRS,0.25097603003321667,0
5173,7274-RTAPZ,0.7613577438097212,1
1870,2717-HVIZY,0.13947114193443066,0
5401,7610-TVOPG,0.29779542107207635,0
5028,7067-KSAZT,0.2741511258456101,0
4834,6813-GZQCG,0.01639171358406619,0
5064,7123-WQUHX,0.10978821157107606,0
2830,4021-RQSNY,0.6844779861900372,1
5476,7707-PYBBH,0.05461276311486164,0
6611,9392-XBGTD,0.019706175934735826,0
4375,6169-PPETC,0.012028327343205266,0
1125,1642-HMARX,0.036645033410570675,0
2824,4013-TLDHQ,0.5282724892645738,1
6715,9537-VHDTA,0.27637148907907694,0
2993,4289-DTDKW,0.5687885040416844,1
4144,5857-XRECV,0.08527752233045763,0
5986,8443-WVPSS,0.5543352904767996,1
5417,7629-WIXZF,0.2865523584326174,0
555,0818-OCPZO,0.6403999344900623,1
6387,9052-VKDUW,0.3261705941733465,0
2272,3249-VHRIP,0.031016163293617897,0
1397,2068-WWXQZ,0.009370085669667473,0
1316,1958-RNRKS,0.2713131183426552,0
903,1310-QRITU,0.484129624615217,0
5925,8344-WFMFH,0.4062410286829756,0
3141,4508-OEBEY,0.04232577155559352,0
4198,5928-QLDHB,0.7322183666985254,1
2953,4211-MMAZN,0.20348958244854332,0
5759,8099-MZPUJ,0.06721629938445306,0
2,0004-TLHLJ,0.6734291901015934,1
4158,5879-SESNB,0.6485769729960305,1
2512,3589-PPVKW,0.369644248177659,0
130,0222-CNVPT,0.15953014515764632,0
4037,5693-PIPCS,0.12372540315885987,0
6277,8882-TLVRW,0.004340508589898117,0
152,0254-FNMCI,0.08305292529217312,0
4937,6954-OOYZZ,0.27808044131798243,0
1392,2057-ZBLPD,0.6888248016819458,1
1201,1767-TGTKO,0.4562584093433099,0
1872,2718-YSKCS,0.0028106974035951287,0
6936,9839-ETQOE,0.11823493344608635,0
2486,3557-HTYWR,0.025246026418836675,0
165,0266-CLZKZ,0.08558278923746329,0
1228,1818-ESQMW,0.41105353675723316,0
2247,3211-AAPKX,0.46415705177012107,0
2381,3410-MHHUM,0.18165026340418267,0
2407,3446-QDSZF,0.3937670190034031,0
5445,7663-ZTEGJ,0.12493957485662636,0
4338,6121-VZNQB,0.2816714852493684,0
6892,9788-HNGUT,0.07460916057682802,0
2819,4010-YLMVT,0.3586552374805696,0
6776,9620-QJREV,0.007971860641084983,0
5754,8096-LOIST,0.42830711580925174,0
6850,9732-KPKBW,0.36159906360814165,0
3801,5346-BZCHP,0.002353499463426929,0
6803,9658-WYUFB,0.6433418956468165,1
19,0023-HGHWL,0.7434276488056181,1
1150,1696-MZVAU,0.07454655705142946,0
97,0168-XZKBB,0.7116005163847685,1
3687,5197-PYEPU,0.17053858287960733,0
5550,7815-PDTHL,0.02366242980230237,0
5875,8261-GWDBQ,0.10901419972133508,0
4098,5793-YOLJN,0.0043042339999496155,0
6460,9140-CZQZZ,0.015205726055508762,0
2894,4123-DVHPH,0.6939932551133215,1
2428,3473-XIIIT,0.7388009744766465,1
2620,3727-OWVYD,0.036698174860501975,0
4193,5921-NGYRH,0.10949517954668636,0
5391,7602-DBTOU,0.0023486486639662726,0
972,1403-LKLIK,0.021379273803209385,0
1128,1657-DYMBM,0.0056587644557478224,0
6890,9786-YWNHU,0.005779203890770781,0
1957,2834-JKOOW,0.07057206859875322,0
919,1335-NTIUC,0.6160852814108392,1
4916,6918-UMQCG,0.6575470473311229,1
2097,3006-XIMLN,0.7005548561719241,1
6719,9544-PYPSJ,0.28729418760834047,0
4648,6559-ILWKJ,0.030546203257818254,0
3794,5336-UFNZP,0.2478302822032013,0
2546,3642-GKTCT,0.09581099929443154,0
5208,7325-ENZFI,0.03725341963879138,0
2820,4011-ARPHK,0.11596633875939881,0
250,0378-CJKPV,0.053341272911306664,0
4726,6654-QGBZZ,0.21512160641987327,0
3920,5519-NPHVG,0.7794330886533913,1
4,0013-EXCHZ,0.5565338078152189,1
606,0887-HJGAR,0.4447300149719308,0
3551,5032-MIYKT,0.6309431334745662,1
6631,9424-CMPOG,0.04845262395512926,0
7029,9972-NKTFD,0.09005169333030541,0
5742,8080-DDEMJ,0.5403015641660572,1
561,0825-CPPQH,0.0025600198029466473,0
3754,5293-WXJAK,0.5682287760694288,1
6307,8922-LIEGH,0.7062286706830522,1
4166,5889-LFOLL,0.7444705354435717,1
5979,8433-WPJTV,0.11084331857780406,0
2296,3280-NMUVX,0.016033395755246944,0
200,0315-LVCRK,0.5726785726552042,1
6760,9600-NAXZN,0.549433945214153,1
4401,6203-HBZPA,0.022272799655560584,0
4760,6701-DHKWQ,0.012497277211000085,0
463,0678-RLHVP,0.20659275868788923,0
2553,3649-JPUGY,0.026365690899764975,0
4344,6128-AQBMT,0.33082309158791084,0
1452,2144-BFDSO,0.3046171242401698,0
765,1113-IUJYX,0.14117702002943927,0
5560,7826-VVKWT,0.39676925033544225,0
2576,3680-CTHUH,0.10508590322027425,0
4067,5734-EJKXG,0.15638545734056236,0
3214,4611-ANLQC,0.03671761695632886,0
2378,3404-JNXAX,0.26455169566328934,0
4252,5995-LFTLE,0.011140014518324968,0
3073,4396-KLSEH,0.35322025398326345,0
4147,5862-BRIXZ,0.03484543395766561,0
57,0098-BOWSO,0.13223853068985045,0
4923,6924-TDGMT,0.08935745736620085,0
5797,8164-OCKUJ,0.0034843595606221228,0
6815,9677-AVKED,0.06622390237161879,0
4962,6985-HAYWX,0.39262101988469117,0
1800,2632-IVXVF,0.0551915427666735,0
2618,3727-JEZTU,0.21481247003648637,0
5321,7517-LDMPS,0.6612320398382193,1
6992,9921-ZVRHG,0.6940118143907761,1
6248,8840-DQLGN,0.3242121249358305,0
4453,6281-FKEWS,0.13372851638533034,0
4721,6650-VJONK,0.4459901495145366,0
4322,6097-EQISJ,0.1402751665427698,0
88,0139-IVFJG,0.5798125355872542,1
1073,1564-NTYXF,0.7777154689479244,1
900,1307-TVUFB,0.38449148449046794,0
5840,8215-NGSPE,0.009856414021886752,0
2570,3675-EQOZA,0.1704494223319889,0
4611,6502-MJQAE,0.726989808818228,1
5798,8165-CBKXO,0.03224072411624623,0
5191,7302-ZHMHP,0.21558591627277404,0
4956,6979-ZNSFF,0.7672282381063371,1
6547,9297-FVVDH,0.04542133111072503,0
6010,8486-AYEQH,0.5982340332189416,1
6966,9885-CSMWE,0.735803323197298,1
1364,2027-DNKIV,0.02415432197922404,0
4549,6413-XKKPU,0.49658033222414477,0
514,0748-RDGGM,0.05039885839709777,0
7017,9957-YODKZ,0.7626532031714226,1
1705,2481-SBOYW,0.009177279477736142,0
6388,9053-EJUNL,0.5168941007889235,1
2811,4000-VGMQP,0.07940573947660302,0
2692,3815-SLMEF,0.2767130486195822,0
5434,7647-GYYKX,0.007478902948805945,0
1636,2378-YIZKA,0.015280380136986418,0
5168,7270-BDIOA,0.5677512383817688,1
5960,8402-EIVQS,0.09315204980485424,0
2236,3196-NVXLZ,0.5456398809913643,1
6928,9828-QHFBK,0.26168162971172676,0
4245,5985-TBABQ,0.0970607144272698,0
4768,6711-VTNRE,0.35478083384004755,0
5678,8000-REIQB,0.7816942611476019,1
4468,6300-BWMJX,0.22085533582845807,0
5277,7446-KQISO,0.11596588495224536,0
3461,4906-ZHGPK,0.05205505023732127,0
5817,8189-HBVRW,0.24624955496166276,0
1795,2621-UDNLU,0.19436383149913602,0
420,0620-XEFWH,0.1553679396465138,0
224,0345-XMMUG,0.1520002205719765,0
6119,8665-UTDHZ,0.5455417612018874,1
